INSERT INTO users (id, firstname, lastname, email, password, tel, address, role, gender, blacklist)
VALUES (1, 'Ruslan', 'Niyazov', 'rusya-niyazov@mail.ru', '{noop}123', '+375295857929', 'Gavrilova 1 kv 6', 'ADMIN', 'MALE',
        'NO'),
       (2, 'Anna', 'Klimuk', 'anna@mail.ru', '{noop}123', '+375441237693', 'Masherova 23', 'USER', 'FEMALE', 'NO'),
       (3, 'Petr', 'Petrov', 'petr@mail.ru', '{noop}123', '+375293576521', 'Sovetskya 25 kv 5', 'USER', 'MALE', 'NO'),
       (4, 'Ivan', 'Ivanov', 'ivan@mail.ru', '{noop}123', '+375337893421', 'Orlovskya 1', 'USER', 'MALE', 'NO'),
       (5, 'Ruslan', 'Klimenko', 'ruslankarina1.2@gmail.com', '{noop}123', '+375295206720', 'Sovetskaya 96 kv 8', 'ADMIN',
        'MALE', 'NO');
SELECT SETVAL('users_id_seq', (SELECT MAX(id) FROM users));


INSERT INTO technic (id, name, category, description, price, amount, image)
VALUES (1, 'Apple iPhone 13 Pro Max 256GB', 'PHONE', 'diagonal	6.7 ″ RAM 6GB memory	256GB battery 4352 mAh', 5999, 3,
        'PHONE/iPhone13ProMax256.png'),
       (2, 'Apple iPhone 12 128GB', 'PHONE', 'diagonal	6.1  RAM 4 GB memory battery	2775 mAh', 3649, 1,
        'PHONE/iPhone12128.png'),
       (3, 'Apple iPhone 11 128GB', 'PHONE', 'diagonal 6.1 RAM	4GB memory	128GB battery	3110 mAh', 2499, 4,
        'PHONE/iPhone11128.png'),
       (4, 'Samsung Galaxy S21 256GB', 'PHONE', 'diagonal 6.2 RAM	8GB memory	256GB battery	4000 mAh', 2899, 3,
        'PHONE/SamsungGalaxyS21256.png'),
       (5, 'Samsung Galaxy A03 Core Dual Sim', 'PHONE', 'diagonal	6.5 RAM	2GB memory	32GB battery	5000 mAh',
        289, 6, 'PHONE/SamsungGalaxyA03.png'),
       (6, 'Samsung Galaxy M12 64GB', 'PHONE', 'diagonal	6.5 RAM	4GB memory	64GB battery	5000 mAh', 440, 6,
        'PHONE/SamsungGalaxyM1264.png'),
       (7, 'Samsung Galaxy S20 Ultra 2020', 'PHONE', 'diagonal	6.9 ″ RAM 12GB memory	128GB battery	5000 mAh', 440,
        6, 'PHONE/SamsungGalaxyS20.png'),
       (8, 'Xiaomi Redmi 9A 2GB 32GB', 'PHONE', 'diagonal	6.53 ″ RAM	2GB memory	32GB battery	5000 mAh', 370, 4,
        'PHONE/XiomeRedmi9A.png'),
       (9, 'Xiaomi Redmi 10 4GB 128GB', 'PHONE', 'diagonal	6.5 RAM	4GB memory	128GB battery	5000 mAh', 699, 3,
        'PHONE/XiomiRedmo10.png'),
       (10,'Samsung Galaxy A52 256GB', 'PHONE', 'diagonal	6.5 RAM	8GB memory	256GB battery	4500 mAh', 539, 0,
        'PHONE/SamsungA52.png'),
       (11, 'Xiaomi Redmi Note 11 6GB 128GB', 'PHONE', 'diagonal	6.4 RAM	6GB memory	128GB battery	5000 mAh',
        899, 2, 'PHONE/XiomiRedmiNote11.png'),
       (12, 'Xiaomi 11T 8GB 256GB', 'PHONE', 'diagonal	6.67 RAM	8GB memory	256GB	battery	5000 mAh', 1399, 3,
        'PHONE/Xiomi11T.png'),
       (13, 'Xiaomi 11 Lite 5G NE 6GB 128GB', 'PHONE', 'diagonal	6.55 RAM	6GB memory	128GB battery	4250 mAh',
        1299, 1, 'PHONE/Xiomi11Lite.png'),
       (14, 'Huawei nova 9 NAM-LX9 8GB 128GB', 'PHONE', 'diagonal	6.57 RAM	8GB memory	128GB battery	4300 mAh',
        1399, 1, 'PHONE/Huawei9.png'),
       (15, 'Huawei Nova 8i  NEN-LX1 6GB 128GB', 'PHONE',
        'diagonal	6.67 RAM	6GB memory	128GB battery	4300 mAh', 1059, 2, 'PHONE/Huawei8.png'),
       (16, 'Apple iPhone 13 Mini 128GB', 'PHONE', 'diagonal	5.4 RAM	4GB memory	128GB battery	2438 mAh', 3299,
        2, 'PHONE/iPhone13mini128.png'),
       (17, 'LG GA-B419SLGL', 'REFRIGERATOR', 'compressor	1 (R600a) System No Frost height	190.7 sm width	59.5 sm',
        1959, 2, 'REFRIGERATOR/LG-GA.png'),
       (18, 'LG DoorCooling+ GA-B509CBTL', 'REFRIGERATOR',
        'compressor	1 System No Frost height height	203 sm width	59.5 sm', 2199, 1, 'REFRIGERATOR/LGDOOR.png'),
       (19, 'LG 43UP76506LD', 'TV', 'diagonal	43 3840x2160 (4K UHD)	LCD	(Active HDR, HDR10 Pro , HLG)', 1549, 2,
        'TV/LG43UP.png'),
       (20, 'Bosch KGV39XL2AR', 'REFRIGERATOR', 'compressor	1  height	200 sm width	60 sm', 2240, 3,
        'REFRIGERATOR/BoschKGV.png'),
       (21, 'LG 43LM5777PLC', 'TV', 'diagonal	43	1920x1080 (Full HD) LED  (HDR) (HDR10 Pro, HLG)', 1509, 3,
        'TV/LG43LM.png'),
       (22, 'Samsung RB34T670FBN WT', 'REFRIGERATOR',
        'compressor	1 Система System No Frost height	203 sm width	60 sm', 1999, 4,
        'REFRIGERATOR/SamsungRB34.png'),
       (23, 'Samsung RB37A5070B1 WT', 'REFRIGERATOR', 'compressor	1 System No Frost height	201 sm width	59.5 sm',
        2599, 2, 'REFRIGERATOR/SamsungRB37.png'),
       (24, 'LG 50NANO756PA', 'TV', 'diagonal	50 3840x2160 (4K UHD) Nano Cell (HDR) (HDR10)', 2299, 5, 'TV/LG50.png'),
       (25, 'Bosch Serie 4 VitaFresh KGN39XI28R', 'REFRIGERATOR',
        'compressor	1 System No Frost height	203 sm width	60 sm', 3550, 2, 'REFRIGERATOR/BoschSeria.png'),
       (26, 'Liebherr CNel 4313', 'REFRIGERATOR', 'compressor	1 System No Frost height	186.1 sm width	60 sm', 2690,
        4, 'REFRIGERATOR/LiebherrCNel.png'),
       (27, 'Liebherr CBNbs 4835', 'REFRIGERATOR', 'compressor	1  System No Frost height	201 sm width	60 sm', 6210,
        1, 'REFRIGERATOR/LiebherrCBNbs.png'),
       (28, 'Beko CSMV5335MC0S', 'REFRIGERATOR', 'compressor	1 (R600a) height	201 sm width	54 sm', 1319, 2,
        'REFRIGERATOR/BekoCSM.png'),
       (29, 'Beko RCSK310M20S', 'REFRIGERATOR', 'compressor	1 (R600a) height	184 sm width	54 sm', 1389, 3,
        'REFRIGERATOR/BekoRCS.png'),
       (30, 'Sony XR-55X90J', 'TV', 'diagonal	55 3840x2160 (4K UHD) QLED (HDR) (HDR10, HLG, Dolby Vision)', 5059, 2,
        'TV/SonyXR.png'),
       (31, 'Sony KD-50X81J', 'TV', 'diagonal	50	3840x2160 (4K UHD) (HDR) (HDR10, HLG, Dolby Vision) Smart TV', 4026,
        3, 'TV/SonyKD.png'),
       (32, 'Sony KD-85X85TJ', 'TV', 'diagonal	85	3840x2160 (4K UHD) (HDR) (HDR10, HLG, Dolby Vision) Smart TV',
        13875, 1, 'TV/SonyKD85.png'),
       (33, 'Samsung QE55Q80AAUXRU', 'TV',
        'diagonal	55	3840x2160 (4K UHD)	QLED (HDR) (HDR10+ сертифицикация, HLG)', 3399, 0,
        'TV/SamsungQE55.png'),
       (34, 'Samsung UE65AU7100UXRU', 'TV', 'diagonal	65	3840x2160 (4K UHD)	LED (HDR) (HDR 10+, HLG)', 2599, 1,
        'TV/SamsungUE65.png'),
       (35, 'Philips 43PFS6825 60', 'TV', 'diagonal	43	1920x1080 (Full HD) (HDR) (HDR10 + Hybrid Log Gamma)', 1465, 2,
        'TV/Ph43.png'),
       (36, 'Philips 55PUS7956 60', 'TV', 'diagonal	55	3840x2160 (4K UHD) 	LED (HDR) (HDR10, HDR10+/HLG)', 2499, 4,
        'TV/Ph55.png'),
       (37, 'Xiaomi Mi TV P1 55  L55M6-6ARG ELA4616GL', 'TV',
        'diagonal	55	3840x2160 (4K UHD) (HDR) (HDR10+, Dolby Vision)	Android TV (10)', 1999, 0, 'TV/mi.png'),
       (38, 'Toshiba 32L5650VN', 'TV', 'diagonal	32	1366x768 (HD)	LCD (VA) Smart TV', 1086, 1, 'TV/tochiba.png'),
       (39, 'Panasonic TX-32GR300', 'TV', 'diagonal	32	1366x768 (HD)	LCD (HDR)', 959, 1, 'TV/panasonic.png'),
       (40, 'Apple Mac Mini M1 2020 256GB (MGNR3)', 'COMPUTER',
        'Apple M1 RAM	8GB	Apple M1 GPU SSD	256GB	Mac OS (Big Sur)', 3100, 1, 'COMPUTER/apple.png'),
       (41, 'MultiOffice 6A95ED4S12IV5', 'COMPUTER', 'AMD A6	9500E RAM	4GB AMD Radeon SSD	120GB	DOS', 649, 2,
        'COMPUTER/milti.png'),
       (42, 'MultiGame 5C104FD16H1S24G105TVM5', 'COMPUTER',
        'Intel Core i5	10400F RAM	16GB	NVIDIA GeForce GTX1050Ti SSD	240GB  HDD	1000GB	DOS', 2899, 6,
        'COMPUTER/miltigame.png'),
       (43, 'MultiGame 3R12D8H1G103V5', 'COMPUTER',
        'AMD Ryzen 3	1200 RAM	8GB	NVIDIA GeForce GT1030 HDD	1000GB	DOS', 1299, 2,
        'COMPUTER/miltigame.png'),
       (44, 'Lenovo V50s-07IMB', 'COMPUTER',
        'Intel Pentium Gold	G6400 RAM	4GB Intel UHD Graphics 610 SSD	128GB	Windows 10 Home', 1319, 4,
        'COMPUTER/lenovo.png'),
       (45, 'Lenovo IdeaCentre Gaming5 14ACN6 (90RW00CQRS)', 'COMPUTER',
        'AMD Ryzen 5	5600G RAM	16GB NVIDIA GeForce RTX 3060, AMD Radeon Vega 7 SSD	512GB (M.2 2280 PCIe NVMe)	DOS',
        3599, 2, 'COMPUTER/lenovogame.png'),
       (46, 'ТОР Office 53582', 'COMPUTER', 'Intel Celeron	G5905 RAM	4GB	Intel HD Graphics SSD	120GB	DOS',
        920, 4, 'COMPUTER/img.png'),
       (47, 'Apple MacBook Air 13 M1 2020 256GB  MGN63', 'LAPTOP',
        'diagonal	13.3	2560x1600 (Retina 13"")	Apple M1 RAM	8GB SSD	256GB', 4599, 2, 'LAPTOP/apple.png'),
       (48, 'Dell OptiPlex 5090-286316', 'COMPUTER',
        'Intel Core i5 RAM	8GB Intel UHD Graphics 630 SSD	256GB	Windows 10 Pro', 3295, 1, 'COMPUTER/del.png'),
       (49, 'Dell OptiPlex 3080-216457', 'COMPUTER',
        'Intel Core i3	10100T RAM	8GB Intel UHD Graphics 630 SSD	256GB	Windows 10 Pro', 2361, 3,
        'COMPUTER/del.png'),
       (50, 'HP Workstation Z400 6-DIMM', 'COMPUTER',
        'Intel Xeon	W3565 RAM	8GB	NVIDIA Quadro K2000 HDD	320GB	Windows 7', 8105, 2, 'COMPUTER/HP.png'),
       (51, 'ТОР Office 53192', 'COMPUTER', 'Intel Core i3	9100 RAM	8GB Intel UHD Graphics SSD	480GB	DOS', 1299,
        5, 'COMPUTER/TOP.png'),
       (52, 'Apple MacBook Air 13 M1 2020 512GB  MGN73', 'LAPTOP',
        'diagonal	13.3	2560x1600 (Retina 13"")	Apple M1 RAM	8GB SSD	512GB', 5299, 0, 'LAPTOP/apple.png'),
       (53, 'Apple MacBook Pro 14 M1 Pro 2021 512GB  Z15G000DY', 'LAPTOP',
        'diagonal	14.2	3024x1964 (Pro Motion)	Apple M1 Pro	16GB SSD	512GB', 6299, 1,
        'LAPTOP/apple14.png'),
       (54, 'Apple MacBook Pro 16 M1 Pro 2021 512GB  MK1E3', 'LAPTOP',
        'diagonal	16.2 3456x2234 (Pro Motion)	Apple M1 Pro RAM	16GB SSD	512GB', 6999, 2, 'LAPTOP/img.png'),
       (55, 'Acer Aspire 3 A315-34-P7TD (NX.HE3EU.059)', 'LAPTOP',
        'diagonal	15.6	1920x1080 (FullHD) Intel Pentium Silver N5030 RAM	4GB SSD	256GB', 1269, 4,
        'LAPTOP/acer.png'),
       (56, 'Acer Aspire 7 A715-42G-R43Y (NH.QE5EU.005)', 'LAPTOP',
        'diagonal	15.6 1920x1080 (FullHD)	AMD Ryzen 5 5500U RAM	16GB SSD	512GB', 3499, 2,
        'LAPTOP/acergame.png'),
       (57, 'Asus ZenBook Duo UX481FA-BM049R', 'LAPTOP',
        'diagonal	14.0	1920x1080 (FullHD) Intel Core i5-10210U RAM	8GB SSD	512GB', 3499, 3,
        'LAPTOP/asus.png'),
       (58, 'Asus E210MA-GJ239', 'LAPTOP',
        'diagonal	11.6	1366x768 (HD)	Intel Celeron N4020 RAM	4GB SSD	256GB', 999, 4, 'LAPTOP/img.png'),
       (59, 'Asus Vivobook 14 X409FA-BV606', 'LAPTOP',
        'diagonal	14.0	1366x768 (HD)	Intel Core i3-10110U RAM	8GB SSD	256GB', 1599, 1,
        'LAPTOP/asusv.png'),
       (60, 'Lenovo IdeaPad L3 15ITL6 (82HL006TRE)', 'LAPTOP',
        'diagonal	15.6	1920x1080 (FullHD)	Intel Celeron 6305	4GB SSD	256GB', 1299, 4,
        'LAPTOP/lenova.png'),
       (61, 'Lenovo IdeaPad L3 15ITL6 (82HL0085RE)', 'LAPTOP',
        'diagonal	15.6	1920x1080 (FullHD)	Intel Core i5-1135G7 RAM	12GB SSD	512GB', 2359, 2,
        'LAPTOP/lenova.png'),
       (62, 'Ноутбук Lenovo IdeaPad 3 15ALC6 (82KU00AYRK)', 'LAPTOP',
        'diagonal	15.6	1920x1080 (FullHD)	AMD Ryzen 3 5300U RAM	8GB SSD	256GB', 1979, 1,
        'LAPTOP/lenovaipad.png'),
       (63,'Sony PlayStation 5', 'CONSOLE', 'SSD 825 ГБ 4K UHD (2160p), HDR', 1500, 2, 'CONSOLE/ps5.png'),
       (64, 'Xbox Series X', 'CONSOLE', 'SSD 1TB 4K UHD (2160p) HDR', 1250, 2, 'CONSOLE/xbox.png'),
       (65, 'Xbox One 500GB', 'CONSOLE', 'SSD 500TB  Full HD (1080p)', 1050, 1, 'CONSOLE/img.png'),
       (66, 'Apple iPhone 13 256GB', 'PHONE', 'diagonal	6.1 RAM	4GB SSD	256GB battery	3240 mAh', 3999, 6,
        'PHONE/iPhone13256.png'),
       (67, 'MultiOffice 6A95ED8H05IV5', 'COMPUTER', 'AMD A6	9500E RAM	8GB AMD Radeon R5 HDD	500GB DOS', 659, 2,
        'COMPUTER/milti.png'),
       (68, 'Sony PlayStation 4 Slim 500GB', 'CONSOLE', '500GB Full HD (1080p) HDR', 1000, 3, 'CONSOLE/ps.png');
SELECT SETVAL('technic_id_seq', (SELECT MAX(id) FROM technic));


INSERT INTO basket (id, users_id, technic_id)
VALUES (1, 5, 6),
       (2, 5, 17),
       (3, 5, 20),
       (4, 5, 28),
       (5, 5, 41),
       (6, 5, 43);
SELECT SETVAL('basket_id_seq', (SELECT MAX(id) FROM basket));

INSERT INTO orders (id, product, user_id, date_registration, date_close, status, total)
VALUES (1, 'Sony PlayStation 5 - 1 , Apple iPhone 13 Pro Max 256GB - 1', 1, '2022-07-06', '1900-01-01', 'PROCESSING',
        7499),
       (2, 'LG 43UP76506LD - 2', 1, '2022-07-06', '1900-01-01', 'PROCESSING', 3098),
       (3, 'Acer Aspire 3 A315-34-P7TD (NX.HE3EU.059) - 1', 1, '2022-07-06', '1900-01-01', 'PROCESSING', 1269),
       (4, 'Apple iPhone 11 128GB - 1 , Sony PlayStation 5 - 1 , Sony PlayStation 4 Slim 500GB - 1', 2, '2022-07-06',
        '1900-01-01', 'PROCESSING', 4999),
       (5,'Bosch KGV39XL2AR - 1', 2, '2022-06-07', '2022-07-03', 'COMPLETED', 2240),
       (6, 'Xiaomi Redmi 10 4GB/128GB - 1', 2, '2022-05-07', '2022-07-01', 'COMPLETED',699),
       (7, 'Asus ZenBook Duo UX481FA-BM049R - 1', 1, '2022-06-07', '1900-01-01', 'REJECTED',3499),
       (8, 'Apple MacBook Air 13 M1 2020 256GB / MGN63 - 1', 1, '2022-07-07', '1900-01-01', 'ACCEPTED',4599),
       (9, 'Apple iPhone 13 Pro Max 256GB - 1', 1, '2022-07-07', '1900-01-01', 'ACCEPTED', 5999);
SELECT SETVAL('orders_id_seq', (SELECT MAX(id) FROM orders));
